Time (Sec);S8;S6;S7;S9;S1;S14;S13;S23;S12;S15;S5;S3;S4;S17;S28;S19;S27;S18;S20;S16;S11;
0.0;20.0;20.0;20.0;20.0;19160.0;20.0;20.0;20.0;20.0;20.0;20.0;20.0;20.0;20.0;20.0;20.0;20.0;20.0;20.0;20.0;20.0;
0.10333333333333336;19.999000000000002;19.999000000000002;19.999000000000002;19.999000000000002;19160.0;19.999000000000002;19.999000000000002;19.999000000000002;19.999000000000002;19.999000000000002;19.999000000000002;19.999000000000002;19.999000000000002;19.999000000000002;19.999000000000002;19.999000000000002;19.999000000000002;19.999000000000002;19.999000000000002;19.999000000000002;19.999000000000002;
0.20333333333333345;19.998000000000005;19.998000000000005;19.998000000000005;19.998000000000005;19160.0;19.998000000000005;19.998000000000005;19.998000000000005;19.998000000000005;19.998000000000005;19.998000000000005;19.998000000000005;19.998000000000005;19.998000000000005;19.998000000000005;19.998000000000005;19.998000000000005;19.998000000000005;19.998000000000005;19.998000000000005;19.998000000000005;
0.3033333333333335;19.997000000000007;19.997000000000007;19.997000000000007;19.997000000000007;19160.0;19.997000000000007;19.997000000000007;19.997000000000007;19.997000000000007;19.997000000000007;19.997000000000007;19.997000000000007;19.997000000000007;19.997000000000007;19.997000000000007;19.997000000000007;19.997000000000007;19.997000000000007;19.997000000000007;19.997000000000007;19.997000000000007;
0.4033333333333336;19.99600000000001;19.99600000000001;19.99600000000001;19.99600000000001;19160.0;19.99600000000001;19.99600000000001;19.99600000000001;19.99600000000001;19.99600000000001;19.99600000000001;19.99600000000001;19.99600000000001;19.99600000000001;19.99600000000001;19.99600000000001;19.99600000000001;19.99600000000001;19.99600000000001;19.99600000000001;19.99600000000001;
0.5033333333333336;19.99500000000001;19.99500000000001;19.99500000000001;19.99500000000001;19160.0;19.99500000000001;19.99500000000001;19.99500000000001;19.99500000000001;19.99500000000001;19.99500000000001;19.99500000000001;19.99500000000001;19.99500000000001;19.99500000000001;19.99500000000001;19.99500000000001;19.99500000000001;19.99500000000001;19.99500000000001;19.99500000000001;
0.6033333333333337;19.994000000000014;19.994000000000014;19.994000000000014;19.994000000000014;19160.0;19.994000000000014;19.994000000000014;19.994000000000014;19.994000000000014;19.994000000000014;19.994000000000014;19.994000000000014;19.994000000000014;19.994000000000014;19.994000000000014;19.994000000000014;19.994000000000014;19.994000000000014;19.994000000000014;19.994000000000014;19.994000000000014;
0.7033333333333338;19.993000000000016;19.993000000000016;19.993000000000016;19.993000000000016;19160.0;19.993000000000016;19.993000000000016;19.993000000000016;19.993000000000016;19.993000000000016;19.993000000000016;19.993000000000016;19.993000000000016;19.993000000000016;19.993000000000016;19.993000000000016;19.993000000000016;19.993000000000016;19.993000000000016;19.993000000000016;19.993000000000016;
0.8033333333333339;19.99200000000002;19.99200000000002;19.99200000000002;19.99200000000002;19160.0;19.99200000000002;19.99200000000002;19.99200000000002;19.99200000000002;19.99200000000002;19.99200000000002;19.99200000000002;19.99200000000002;19.99200000000002;19.99200000000002;19.99200000000002;19.99200000000002;19.99200000000002;19.99200000000002;19.99200000000002;19.99200000000002;
0.903333333333334;19.99100000000002;19.99100000000002;19.99100000000002;19.99100000000002;19160.0;19.99100000000002;19.99100000000002;19.99100000000002;19.99100000000002;19.99100000000002;19.99100000000002;19.99100000000002;19.99100000000002;19.99100000000002;19.99100000000002;19.99100000000002;19.99100000000002;19.99100000000002;19.99100000000002;19.99100000000002;19.99100000000002;
1.003333333333334;19.990000000000023;19.990000000000023;19.990000000000023;19.990000000000023;19160.0;19.990000000000023;19.990000000000023;19.990000000000023;19.990000000000023;19.990000000000023;19.990000000000023;19.990000000000023;19.990000000000023;19.990000000000023;19.990000000000023;19.990000000000023;19.990000000000023;19.990000000000023;19.990000000000023;19.990000000000023;19.990000000000023;
1.103333333333332;19.989000000000026;19.989000000000026;19.989000000000026;19.989000000000026;19160.0;19.989000000000026;19.989000000000026;19.989000000000026;19.989000000000026;19.989000000000026;19.989000000000026;19.989000000000026;19.989000000000026;19.989000000000026;19.989000000000026;19.989000000000026;19.989000000000026;19.989000000000026;19.989000000000026;19.989000000000026;19.989000000000026;
1.2033333333333298;19.988000000000028;19.988000000000028;19.988000000000028;19.988000000000028;19160.0;19.988000000000028;19.988000000000028;19.988000000000028;19.988000000000028;19.988000000000028;19.988000000000028;19.988000000000028;19.988000000000028;19.988000000000028;19.988000000000028;19.988000000000028;19.988000000000028;19.988000000000028;19.988000000000028;19.988000000000028;19.988000000000028;
1.3033333333333277;19.98700000000003;19.98700000000003;19.98700000000003;19.98700000000003;19160.0;19.98700000000003;19.98700000000003;19.98700000000003;19.98700000000003;19.98700000000003;19.98700000000003;19.98700000000003;19.98700000000003;19.98700000000003;19.98700000000003;19.98700000000003;19.98700000000003;19.98700000000003;19.98700000000003;19.98700000000003;19.98700000000003;
1.4033333333333255;19.986000000000033;19.986000000000033;19.986000000000033;19.986000000000033;19160.0;19.986000000000033;19.986000000000033;19.986000000000033;19.986000000000033;19.986000000000033;19.986000000000033;19.986000000000033;19.986000000000033;19.986000000000033;19.986000000000033;19.986000000000033;19.986000000000033;19.986000000000033;19.986000000000033;19.986000000000033;19.986000000000033;
1.5033333333333234;19.985000000000035;19.985000000000035;19.985000000000035;19.985000000000035;19160.0;19.985000000000035;19.985000000000035;19.985000000000035;19.985000000000035;19.985000000000035;19.985000000000035;19.985000000000035;19.985000000000035;19.985000000000035;19.985000000000035;19.985000000000035;19.985000000000035;19.985000000000035;19.985000000000035;19.985000000000035;19.985000000000035;
1.6033333333333213;19.984000000000037;19.984000000000037;19.984000000000037;19.984000000000037;19160.0;19.984000000000037;19.984000000000037;19.984000000000037;19.984000000000037;19.984000000000037;19.984000000000037;19.984000000000037;19.984000000000037;19.984000000000037;19.984000000000037;19.984000000000037;19.984000000000037;19.984000000000037;19.984000000000037;19.984000000000037;19.984000000000037;
1.7033333333333192;19.98300000000004;19.98300000000004;19.98300000000004;19.98300000000004;19160.0;19.98300000000004;19.98300000000004;19.98300000000004;19.98300000000004;19.98300000000004;19.98300000000004;19.98300000000004;19.98300000000004;19.98300000000004;19.98300000000004;19.98300000000004;19.98300000000004;19.98300000000004;19.98300000000004;19.98300000000004;19.98300000000004;
1.803333333333317;19.982000000000042;19.982000000000042;19.982000000000042;19.982000000000042;19160.0;19.982000000000042;19.982000000000042;19.982000000000042;19.982000000000042;19.982000000000042;19.982000000000042;19.982000000000042;19.982000000000042;19.982000000000042;19.982000000000042;19.982000000000042;19.982000000000042;19.982000000000042;19.982000000000042;19.982000000000042;19.982000000000042;
1.903333333333315;19.981000000000044;19.981000000000044;19.981000000000044;19.981000000000044;19160.0;19.981000000000044;19.981000000000044;19.981000000000044;19.981000000000044;19.981000000000044;19.981000000000044;19.981000000000044;19.981000000000044;19.981000000000044;19.981000000000044;19.981000000000044;19.981000000000044;19.981000000000044;19.981000000000044;19.981000000000044;19.981000000000044;
2.003333333333313;19.980000000000047;19.980000000000047;19.980000000000047;19.980000000000047;19160.0;19.980000000000047;19.980000000000047;19.980000000000047;19.980000000000047;19.980000000000047;19.980000000000047;19.980000000000047;19.980000000000047;19.980000000000047;19.980000000000047;19.980000000000047;19.980000000000047;19.980000000000047;19.980000000000047;19.980000000000047;19.980000000000047;
2.103333333333311;19.97900000000005;19.97900000000005;19.97900000000005;19.97900000000005;19160.0;19.97900000000005;19.97900000000005;19.97900000000005;19.97900000000005;19.97900000000005;19.97900000000005;19.97900000000005;19.97900000000005;19.97900000000005;19.97900000000005;19.97900000000005;19.97900000000005;19.97900000000005;19.97900000000005;19.97900000000005;19.97900000000005;
2.2033333333333087;19.97800000000005;19.97800000000005;19.97800000000005;19.97800000000005;19160.0;19.97800000000005;19.97800000000005;19.97800000000005;19.97800000000005;19.97800000000005;19.97800000000005;19.97800000000005;19.97800000000005;19.97800000000005;19.97800000000005;19.97800000000005;19.97800000000005;19.97800000000005;19.97800000000005;19.97800000000005;19.97800000000005;
2.3033333333333066;19.977000000000054;19.977000000000054;19.977000000000054;19.977000000000054;19160.0;19.977000000000054;19.977000000000054;19.977000000000054;19.977000000000054;19.977000000000054;19.977000000000054;19.977000000000054;19.977000000000054;19.977000000000054;19.977000000000054;19.977000000000054;19.977000000000054;19.977000000000054;19.977000000000054;19.977000000000054;19.977000000000054;
2.4033333333333045;19.976000000000056;19.976000000000056;19.976000000000056;19.976000000000056;19160.0;19.976000000000056;19.976000000000056;19.976000000000056;19.976000000000056;19.976000000000056;19.976000000000056;19.976000000000056;19.976000000000056;19.976000000000056;19.976000000000056;19.976000000000056;19.976000000000056;19.976000000000056;19.976000000000056;19.976000000000056;19.976000000000056;
2.5033333333333023;19.97500000000006;19.97500000000006;19.97500000000006;19.97500000000006;19160.0;19.97500000000006;19.97500000000006;19.97500000000006;19.97500000000006;19.97500000000006;19.97500000000006;19.97500000000006;19.97500000000006;19.97500000000006;19.97500000000006;19.97500000000006;19.97500000000006;19.97500000000006;19.97500000000006;19.97500000000006;19.97500000000006;
2.6033333333333;19.97400000000006;19.97400000000006;19.97400000000006;19.97400000000006;19160.0;19.97400000000006;19.97400000000006;19.97400000000006;19.97400000000006;19.97400000000006;19.97400000000006;19.97400000000006;19.97400000000006;19.97400000000006;19.97400000000006;19.97400000000006;19.97400000000006;19.97400000000006;19.97400000000006;19.97400000000006;19.97400000000006;
2.703333333333298;19.973000000000063;19.973000000000063;19.973000000000063;19.973000000000063;19160.0;19.973000000000063;19.973000000000063;19.973000000000063;19.973000000000063;19.973000000000063;19.973000000000063;19.973000000000063;19.973000000000063;19.973000000000063;19.973000000000063;19.973000000000063;19.973000000000063;19.973000000000063;19.973000000000063;19.973000000000063;19.973000000000063;
2.803333333333296;19.972000000000065;19.972000000000065;19.972000000000065;19.972000000000065;19160.0;19.972000000000065;19.972000000000065;19.972000000000065;19.972000000000065;19.972000000000065;19.972000000000065;19.972000000000065;19.972000000000065;19.972000000000065;19.972000000000065;19.972000000000065;19.972000000000065;19.972000000000065;19.972000000000065;19.972000000000065;19.972000000000065;
2.903333333333294;19.971000000000068;19.971000000000068;19.971000000000068;19.971000000000068;19160.0;19.971000000000068;19.971000000000068;19.971000000000068;19.971000000000068;19.971000000000068;19.971000000000068;19.971000000000068;19.971000000000068;19.971000000000068;19.971000000000068;19.971000000000068;19.971000000000068;19.971000000000068;19.971000000000068;19.971000000000068;19.971000000000068;
3.0033333333332917;19.97000000000007;19.97000000000007;19.97000000000007;19.97000000000007;19160.0;19.97000000000007;19.97000000000007;19.97000000000007;19.97000000000007;19.97000000000007;19.97000000000007;19.97000000000007;19.97000000000007;19.97000000000007;19.97000000000007;19.97000000000007;19.97000000000007;19.97000000000007;19.97000000000007;19.97000000000007;19.97000000000007;
3.1033333333332895;19.969000000000072;19.969000000000072;19.969000000000072;19.969000000000072;19160.0;19.969000000000072;19.969000000000072;19.969000000000072;19.969000000000072;19.969000000000072;19.969000000000072;19.969000000000072;19.969000000000072;19.969000000000072;19.969000000000072;19.969000000000072;19.969000000000072;19.969000000000072;19.969000000000072;19.969000000000072;19.969000000000072;
3.2033333333332874;19.968000000000075;19.968000000000075;19.968000000000075;19.968000000000075;19160.0;19.968000000000075;19.968000000000075;19.968000000000075;19.968000000000075;19.968000000000075;19.968000000000075;19.968000000000075;19.968000000000075;19.968000000000075;19.968000000000075;19.968000000000075;19.968000000000075;19.968000000000075;19.968000000000075;19.968000000000075;19.968000000000075;
3.3033333333332853;19.967000000000077;19.967000000000077;19.967000000000077;19.967000000000077;19160.0;19.967000000000077;19.967000000000077;19.967000000000077;19.967000000000077;19.967000000000077;19.967000000000077;19.967000000000077;19.967000000000077;19.967000000000077;19.967000000000077;19.967000000000077;19.967000000000077;19.967000000000077;19.967000000000077;19.967000000000077;19.967000000000077;
3.403333333333283;19.96600000000008;19.96600000000008;19.96600000000008;19.96600000000008;19160.0;19.96600000000008;19.96600000000008;19.96600000000008;19.96600000000008;19.96600000000008;19.96600000000008;19.96600000000008;19.96600000000008;19.96600000000008;19.96600000000008;19.96600000000008;19.96600000000008;19.96600000000008;19.96600000000008;19.96600000000008;19.96600000000008;
3.503333333333281;19.96500000000008;19.96500000000008;19.96500000000008;19.96500000000008;19160.0;19.96500000000008;19.96500000000008;19.96500000000008;19.96500000000008;19.96500000000008;19.96500000000008;19.96500000000008;19.96500000000008;19.96500000000008;19.96500000000008;19.96500000000008;19.96500000000008;19.96500000000008;19.96500000000008;19.96500000000008;19.96500000000008;
3.603333333333279;19.964000000000084;19.964000000000084;19.964000000000084;19.964000000000084;19160.0;19.964000000000084;19.964000000000084;19.964000000000084;19.964000000000084;19.964000000000084;19.964000000000084;19.964000000000084;19.964000000000084;19.964000000000084;19.964000000000084;19.964000000000084;19.964000000000084;19.964000000000084;19.964000000000084;19.964000000000084;19.964000000000084;
3.7033333333332767;19.963000000000086;19.963000000000086;19.963000000000086;19.963000000000086;19160.0;19.963000000000086;19.963000000000086;19.963000000000086;19.963000000000086;19.963000000000086;19.963000000000086;19.963000000000086;19.963000000000086;19.963000000000086;19.963000000000086;19.963000000000086;19.963000000000086;19.963000000000086;19.963000000000086;19.963000000000086;19.963000000000086;
3.8033333333332746;19.96200000000009;19.96200000000009;19.96200000000009;19.96200000000009;19160.0;19.96200000000009;19.96200000000009;19.96200000000009;19.96200000000009;19.96200000000009;19.96200000000009;19.96200000000009;19.96200000000009;19.96200000000009;19.96200000000009;19.96200000000009;19.96200000000009;19.96200000000009;19.96200000000009;19.96200000000009;19.96200000000009;
3.9033333333332725;19.96100000000009;19.96100000000009;19.96100000000009;19.96100000000009;19160.0;19.96100000000009;19.96100000000009;19.96100000000009;19.96100000000009;19.96100000000009;19.96100000000009;19.96100000000009;19.96100000000009;19.96100000000009;19.96100000000009;19.96100000000009;19.96100000000009;19.96100000000009;19.96100000000009;19.96100000000009;19.96100000000009;
4.003333333333271;19.960000000000093;19.960000000000093;19.960000000000093;19.960000000000093;19160.0;19.960000000000093;19.960000000000093;19.960000000000093;19.960000000000093;19.960000000000093;19.960000000000093;19.960000000000093;19.960000000000093;19.960000000000093;19.960000000000093;19.960000000000093;19.960000000000093;19.960000000000093;19.960000000000093;19.960000000000093;19.960000000000093;
4.103333333333269;19.959000000000096;19.959000000000096;19.959000000000096;19.959000000000096;19160.0;19.959000000000096;19.959000000000096;19.959000000000096;19.959000000000096;19.959000000000096;19.959000000000096;19.959000000000096;19.959000000000096;19.959000000000096;19.959000000000096;19.959000000000096;19.959000000000096;19.959000000000096;19.959000000000096;19.959000000000096;19.959000000000096;
4.2033333333332665;19.958000000000098;19.958000000000098;19.958000000000098;19.958000000000098;19160.0;19.958000000000098;19.958000000000098;19.958000000000098;19.958000000000098;19.958000000000098;19.958000000000098;19.958000000000098;19.958000000000098;19.958000000000098;19.958000000000098;19.958000000000098;19.958000000000098;19.958000000000098;19.958000000000098;19.958000000000098;19.958000000000098;
4.303333333333264;19.9570000000001;19.9570000000001;19.9570000000001;19.9570000000001;19160.0;19.9570000000001;19.9570000000001;19.9570000000001;19.9570000000001;19.9570000000001;19.9570000000001;19.9570000000001;19.9570000000001;19.9570000000001;19.9570000000001;19.9570000000001;19.9570000000001;19.9570000000001;19.9570000000001;19.9570000000001;19.9570000000001;
4.403333333333262;19.956000000000103;19.956000000000103;19.956000000000103;19.956000000000103;19160.0;19.956000000000103;19.956000000000103;19.956000000000103;19.956000000000103;19.956000000000103;19.956000000000103;19.956000000000103;19.956000000000103;19.956000000000103;19.956000000000103;19.956000000000103;19.956000000000103;19.956000000000103;19.956000000000103;19.956000000000103;19.956000000000103;
4.50333333333326;19.955000000000105;19.955000000000105;19.955000000000105;19.955000000000105;19160.0;19.955000000000105;19.955000000000105;19.955000000000105;19.955000000000105;19.955000000000105;19.955000000000105;19.955000000000105;19.955000000000105;19.955000000000105;19.955000000000105;19.955000000000105;19.955000000000105;19.955000000000105;19.955000000000105;19.955000000000105;19.955000000000105;
4.603333333333258;19.954000000000107;19.954000000000107;19.954000000000107;19.954000000000107;19160.0;19.954000000000107;19.954000000000107;19.954000000000107;19.954000000000107;19.954000000000107;19.954000000000107;19.954000000000107;19.954000000000107;19.954000000000107;19.954000000000107;19.954000000000107;19.954000000000107;19.954000000000107;19.954000000000107;19.954000000000107;19.954000000000107;
4.703333333333256;19.95300000000011;19.95300000000011;19.95300000000011;19.95300000000011;19160.0;19.95300000000011;19.95300000000011;19.95300000000011;19.95300000000011;19.95300000000011;19.95300000000011;19.95300000000011;19.95300000000011;19.95300000000011;19.95300000000011;19.95300000000011;19.95300000000011;19.95300000000011;19.95300000000011;19.95300000000011;19.95300000000011;
4.803333333333254;19.952000000000112;19.952000000000112;19.952000000000112;19.952000000000112;19160.0;19.952000000000112;19.952000000000112;19.952000000000112;19.952000000000112;19.952000000000112;19.952000000000112;19.952000000000112;19.952000000000112;19.952000000000112;19.952000000000112;19.952000000000112;19.952000000000112;19.952000000000112;19.952000000000112;19.952000000000112;19.952000000000112;
4.903333333333252;19.951000000000114;19.951000000000114;19.951000000000114;19.951000000000114;19160.0;19.951000000000114;19.951000000000114;19.951000000000114;19.951000000000114;19.951000000000114;19.951000000000114;19.951000000000114;19.951000000000114;19.951000000000114;19.951000000000114;19.951000000000114;19.951000000000114;19.951000000000114;19.951000000000114;19.951000000000114;19.951000000000114;
5.0033333333332495;19.950000000000117;19.950000000000117;19.950000000000117;19.950000000000117;19160.0;19.950000000000117;19.950000000000117;19.950000000000117;19.950000000000117;19.950000000000117;19.950000000000117;19.950000000000117;19.950000000000117;19.950000000000117;19.950000000000117;19.950000000000117;19.950000000000117;19.950000000000117;19.950000000000117;19.950000000000117;19.950000000000117;
5.103333333333247;19.94900000000012;19.94900000000012;19.94900000000012;19.94900000000012;19160.0;19.94900000000012;19.94900000000012;19.94900000000012;19.94900000000012;19.94900000000012;19.94900000000012;19.94900000000012;19.94900000000012;19.94900000000012;19.94900000000012;19.94900000000012;19.94900000000012;19.94900000000012;19.94900000000012;19.94900000000012;19.94900000000012;
5.203333333333245;19.94800000000012;19.94800000000012;19.94800000000012;19.94800000000012;19160.0;19.94800000000012;19.94800000000012;19.94800000000012;19.94800000000012;19.94800000000012;19.94800000000012;19.94800000000012;19.94800000000012;19.94800000000012;19.94800000000012;19.94800000000012;19.94800000000012;19.94800000000012;19.94800000000012;19.94800000000012;19.94800000000012;
5.303333333333243;19.947000000000124;19.947000000000124;19.947000000000124;19.947000000000124;19160.0;19.947000000000124;19.947000000000124;19.947000000000124;19.947000000000124;19.947000000000124;19.947000000000124;19.947000000000124;19.947000000000124;19.947000000000124;19.947000000000124;19.947000000000124;19.947000000000124;19.947000000000124;19.947000000000124;19.947000000000124;19.947000000000124;
5.403333333333241;19.946000000000126;19.946000000000126;19.946000000000126;19.946000000000126;19160.0;19.946000000000126;19.946000000000126;19.946000000000126;19.946000000000126;19.946000000000126;19.946000000000126;19.946000000000126;19.946000000000126;19.946000000000126;19.946000000000126;19.946000000000126;19.946000000000126;19.946000000000126;19.946000000000126;19.946000000000126;19.946000000000126;
5.503333333333239;19.945000000000128;19.945000000000128;19.945000000000128;19.945000000000128;19160.0;19.945000000000128;19.945000000000128;19.945000000000128;19.945000000000128;19.945000000000128;19.945000000000128;19.945000000000128;19.945000000000128;19.945000000000128;19.945000000000128;19.945000000000128;19.945000000000128;19.945000000000128;19.945000000000128;19.945000000000128;19.945000000000128;
5.603333333333237;19.94400000000013;19.94400000000013;19.94400000000013;19.94400000000013;19160.0;19.94400000000013;19.94400000000013;19.94400000000013;19.94400000000013;19.94400000000013;19.94400000000013;19.94400000000013;19.94400000000013;19.94400000000013;19.94400000000013;19.94400000000013;19.94400000000013;19.94400000000013;19.94400000000013;19.94400000000013;19.94400000000013;
5.703333333333235;19.943000000000133;19.943000000000133;19.943000000000133;19.943000000000133;19160.0;19.943000000000133;19.943000000000133;19.943000000000133;19.943000000000133;19.943000000000133;19.943000000000133;19.943000000000133;19.943000000000133;19.943000000000133;19.943000000000133;19.943000000000133;19.943000000000133;19.943000000000133;19.943000000000133;19.943000000000133;19.943000000000133;
5.803333333333232;19.942000000000135;19.942000000000135;19.942000000000135;19.942000000000135;19160.0;19.942000000000135;19.942000000000135;19.942000000000135;19.942000000000135;19.942000000000135;19.942000000000135;19.942000000000135;19.942000000000135;19.942000000000135;19.942000000000135;19.942000000000135;19.942000000000135;19.942000000000135;19.942000000000135;19.942000000000135;19.942000000000135;
5.90333333333323;19.941000000000138;19.941000000000138;19.941000000000138;19.941000000000138;19160.0;19.941000000000138;19.941000000000138;19.941000000000138;19.941000000000138;19.941000000000138;19.941000000000138;19.941000000000138;19.941000000000138;19.941000000000138;19.941000000000138;19.941000000000138;19.941000000000138;19.941000000000138;19.941000000000138;19.941000000000138;19.941000000000138;
6.000000000000001;19.94010000000014;19.94010000000014;19.94010000000014;19.94010000000014;19160.0;19.94010000000014;19.94010000000014;19.94010000000014;19.94010000000014;19.94010000000014;19.94010000000014;19.94010000000014;19.94010000000014;19.94010000000014;19.94010000000014;19.94010000000014;19.94010000000014;19.94010000000014;19.94010000000014;19.94010000000014;19.94010000000014;
6.103333333333226;18.575032000000142;18.575032000000142;19.939000000000142;19.939000000000142;19160.0;19.939000000000142;18.575032000000142;18.575032000000142;19.939000000000142;19.939000000000142;19.939000000000142;19.939000000000142;19.939000000000142;19.939000000000142;19.939000000000142;19.939000000000142;19.939000000000142;19.939000000000142;18.575032000000142;18.575032000000142;19.939000000000142;
6.203333333333224;17.210064000000145;17.210064000000145;19.938000000000144;19.938000000000144;19160.0;19.938000000000144;17.210064000000145;17.210064000000145;19.938000000000144;19.938000000000144;19.938000000000144;19.938000000000144;19.938000000000144;19.938000000000144;19.938000000000144;19.938000000000144;19.938000000000144;19.938000000000144;17.210064000000145;17.210064000000145;19.938000000000144;
6.303333333333222;15.845096000000147;15.845096000000147;19.937000000000147;19.937000000000147;19160.0;19.937000000000147;15.845096000000147;15.845096000000147;19.937000000000147;19.937000000000147;19.937000000000147;19.937000000000147;19.937000000000147;19.937000000000147;19.937000000000147;19.937000000000147;19.937000000000147;19.937000000000147;15.845096000000147;15.845096000000147;19.937000000000147;
6.40333333333322;14.48012800000015;14.48012800000015;19.93600000000015;19.93600000000015;19160.0;19.93600000000015;14.48012800000015;14.48012800000015;19.93600000000015;19.93600000000015;19.93600000000015;19.93600000000015;19.93600000000015;19.93600000000015;19.93600000000015;19.93600000000015;19.93600000000015;19.93600000000015;14.48012800000015;14.48012800000015;19.93600000000015;
6.5033333333332175;13.115160000000152;13.115160000000152;19.93500000000015;19.93500000000015;19160.0;19.93500000000015;13.115160000000152;13.115160000000152;19.93500000000015;19.93500000000015;19.93500000000015;19.93500000000015;19.93500000000015;19.93500000000015;19.93500000000015;19.93500000000015;19.93500000000015;19.93500000000015;13.115160000000152;13.115160000000152;19.93500000000015;
6.603333333333215;11.750192000000155;11.750192000000155;19.934000000000154;19.934000000000154;19160.0;19.934000000000154;11.750192000000155;11.750192000000155;19.934000000000154;19.934000000000154;19.934000000000154;19.934000000000154;19.934000000000154;19.934000000000154;19.934000000000154;19.934000000000154;19.934000000000154;19.934000000000154;11.750192000000155;11.750192000000155;19.934000000000154;
6.703333333333213;10.385224000000157;10.385224000000157;19.933000000000156;19.933000000000156;19160.0;19.933000000000156;10.385224000000157;10.385224000000157;19.933000000000156;19.933000000000156;19.933000000000156;19.933000000000156;19.933000000000156;19.933000000000156;19.933000000000156;19.933000000000156;19.933000000000156;19.933000000000156;10.385224000000157;10.385224000000157;19.933000000000156;
6.803333333333211;9.02025600000016;9.02025600000016;19.93200000000016;19.93200000000016;19160.0;19.93200000000016;9.02025600000016;9.02025600000016;19.93200000000016;19.93200000000016;19.93200000000016;19.93200000000016;19.93200000000016;19.93200000000016;19.93200000000016;19.93200000000016;19.93200000000016;19.93200000000016;9.02025600000016;9.02025600000016;19.93200000000016;
6.903333333333209;7.655288000000162;7.655288000000162;19.93100000000016;19.93100000000016;19160.0;19.93100000000016;7.655288000000162;7.655288000000162;19.93100000000016;19.93100000000016;19.93100000000016;19.93100000000016;19.93100000000016;19.93100000000016;19.93100000000016;19.93100000000016;19.93100000000016;19.93100000000016;7.655288000000162;7.655288000000162;19.93100000000016;
7.003333333333207;6.290320000000165;6.290320000000165;19.930000000000163;19.930000000000163;19160.0;19.930000000000163;6.290320000000165;6.290320000000165;19.930000000000163;19.930000000000163;19.930000000000163;19.930000000000163;19.930000000000163;19.930000000000163;19.930000000000163;19.930000000000163;19.930000000000163;19.930000000000163;6.290320000000165;6.290320000000165;19.930000000000163;
7.103333333333205;4.788955200000167;4.788955200000167;19.929000000000165;19.929000000000165;19160.0;19.929000000000165;4.788955200000167;4.788955200000167;19.929000000000165;19.929000000000165;19.929000000000165;19.929000000000165;19.929000000000165;19.929000000000165;19.929000000000165;19.929000000000165;19.929000000000165;19.929000000000165;4.788955200000167;4.788955200000167;19.929000000000165;
7.203333333333203;2.0600192000001663;2.0600192000001663;19.928000000000168;19.928000000000168;19160.0;19.928000000000168;2.0600192000001663;2.0600192000001663;19.928000000000168;19.928000000000168;19.928000000000168;19.928000000000168;19.928000000000168;19.928000000000168;19.928000000000168;19.928000000000168;19.928000000000168;19.928000000000168;2.0600192000001663;2.0600192000001663;19.928000000000168;
7.3033333333332004;0.0;0.0;19.92700000000017;19.92700000000017;19160.0;19.92700000000017;0.0;0.0;19.92700000000017;19.92700000000017;19.92700000000017;19.92700000000017;19.92700000000017;19.92700000000017;19.92700000000017;19.92700000000017;19.92700000000017;19.92700000000017;0.0;0.0;19.92700000000017;
7.403333333333198;0.0;0.0;19.926000000000172;19.926000000000172;19160.0;19.926000000000172;0.0;0.0;19.926000000000172;19.926000000000172;19.926000000000172;19.926000000000172;19.926000000000172;19.926000000000172;19.926000000000172;19.926000000000172;19.926000000000172;19.926000000000172;0.0;0.0;19.926000000000172;
7.503333333333196;0.0;0.0;19.925000000000175;19.925000000000175;19160.0;19.925000000000175;0.0;0.0;19.925000000000175;19.925000000000175;19.925000000000175;19.925000000000175;19.925000000000175;19.925000000000175;19.925000000000175;19.925000000000175;19.925000000000175;19.925000000000175;0.0;0.0;19.925000000000175;
7.603333333333194;0.0;0.0;19.924000000000177;19.924000000000177;19160.0;19.924000000000177;0.0;0.0;19.924000000000177;19.924000000000177;19.924000000000177;19.924000000000177;19.924000000000177;19.924000000000177;19.924000000000177;19.924000000000177;19.924000000000177;19.924000000000177;0.0;0.0;19.924000000000177;
7.703333333333192;0.0;0.0;19.92300000000018;19.92300000000018;19160.0;19.92300000000018;0.0;0.0;19.92300000000018;19.92300000000018;19.92300000000018;19.92300000000018;19.92300000000018;19.92300000000018;19.92300000000018;19.92300000000018;19.92300000000018;19.92300000000018;0.0;0.0;19.92300000000018;
7.80333333333319;0.0;0.0;19.922000000000182;19.922000000000182;19160.0;19.922000000000182;0.0;0.0;19.922000000000182;19.922000000000182;19.922000000000182;19.922000000000182;19.922000000000182;19.922000000000182;19.922000000000182;19.922000000000182;19.922000000000182;19.922000000000182;0.0;0.0;19.922000000000182;
7.903333333333188;0.0;0.0;19.921000000000184;19.921000000000184;19160.0;19.921000000000184;0.0;0.0;19.921000000000184;19.921000000000184;19.921000000000184;19.921000000000184;19.921000000000184;19.921000000000184;19.921000000000184;19.921000000000184;19.921000000000184;19.921000000000184;0.0;0.0;19.921000000000184;
8.003333333333186;0.0;0.0;19.920000000000186;19.920000000000186;19160.0;19.920000000000186;0.0;0.0;19.920000000000186;19.920000000000186;19.920000000000186;19.920000000000186;19.920000000000186;19.920000000000186;19.920000000000186;19.920000000000186;19.920000000000186;19.920000000000186;0.0;0.0;19.920000000000186;
8.103333333333202;0.0;0.0;19.91900000000019;19.91900000000019;19160.0;19.91900000000019;0.0;0.0;19.91900000000019;19.91900000000019;19.91900000000019;19.91900000000019;19.91900000000019;19.91900000000019;19.91900000000019;19.91900000000019;19.91900000000019;19.91900000000019;0.0;0.0;19.91900000000019;
8.203333333333218;0.0;0.0;19.91800000000019;19.91800000000019;19160.0;19.91800000000019;0.0;0.0;19.91800000000019;19.91800000000019;19.91800000000019;19.91800000000019;19.91800000000019;19.91800000000019;19.91800000000019;19.91800000000019;19.91800000000019;19.91800000000019;0.0;0.0;19.91800000000019;
8.303333333333233;0.0;0.0;19.917000000000193;19.917000000000193;19160.0;19.917000000000193;0.0;0.0;19.917000000000193;19.917000000000193;19.917000000000193;19.917000000000193;19.917000000000193;19.917000000000193;19.917000000000193;19.917000000000193;19.917000000000193;19.917000000000193;0.0;0.0;19.917000000000193;
8.403333333333249;0.0;0.0;19.916000000000196;19.916000000000196;19160.0;19.916000000000196;0.0;0.0;19.916000000000196;19.916000000000196;19.916000000000196;19.916000000000196;19.916000000000196;19.916000000000196;19.916000000000196;19.916000000000196;19.916000000000196;19.916000000000196;0.0;0.0;19.916000000000196;
8.503333333333265;0.0;0.0;19.915000000000198;19.915000000000198;19160.0;19.915000000000198;0.0;0.0;19.915000000000198;19.915000000000198;19.915000000000198;19.915000000000198;19.915000000000198;19.915000000000198;19.915000000000198;19.915000000000198;19.915000000000198;19.915000000000198;0.0;0.0;19.915000000000198;
8.60333333333328;0.0;0.0;19.9140000000002;19.9140000000002;19160.0;19.9140000000002;0.0;0.0;19.9140000000002;19.9140000000002;19.9140000000002;19.9140000000002;19.9140000000002;19.9140000000002;19.9140000000002;19.9140000000002;19.9140000000002;19.9140000000002;0.0;0.0;19.9140000000002;
8.703333333333296;0.0;0.0;19.913000000000203;19.913000000000203;19160.0;19.913000000000203;0.0;0.0;19.913000000000203;19.913000000000203;19.913000000000203;19.913000000000203;19.913000000000203;19.913000000000203;19.913000000000203;19.913000000000203;19.913000000000203;19.913000000000203;0.0;0.0;19.913000000000203;
8.803333333333311;0.0;0.0;19.912000000000205;19.912000000000205;19160.0;19.912000000000205;0.0;0.0;19.912000000000205;19.912000000000205;19.912000000000205;19.912000000000205;19.912000000000205;19.912000000000205;19.912000000000205;19.912000000000205;19.912000000000205;19.912000000000205;0.0;0.0;19.912000000000205;
8.903333333333327;0.0;0.0;19.911000000000207;19.911000000000207;19160.0;19.911000000000207;0.0;0.0;19.911000000000207;19.911000000000207;19.911000000000207;19.911000000000207;19.911000000000207;19.911000000000207;19.911000000000207;19.911000000000207;19.911000000000207;19.911000000000207;0.0;0.0;19.911000000000207;
9.003333333333343;0.0;0.0;19.91000000000021;19.91000000000021;19160.0;19.91000000000021;0.0;0.0;19.91000000000021;19.91000000000021;19.91000000000021;19.91000000000021;19.91000000000021;19.91000000000021;19.91000000000021;19.91000000000021;19.91000000000021;19.91000000000021;0.0;0.0;19.91000000000021;
9.103333333333358;0.0;0.0;19.909000000000212;19.909000000000212;19160.0;19.909000000000212;0.0;0.0;19.909000000000212;19.909000000000212;19.909000000000212;19.909000000000212;19.909000000000212;19.909000000000212;19.909000000000212;19.909000000000212;19.909000000000212;19.909000000000212;0.0;0.0;19.909000000000212;
9.203333333333374;0.0;0.0;19.908000000000214;19.908000000000214;19160.0;19.908000000000214;0.0;0.0;19.908000000000214;19.908000000000214;19.908000000000214;19.908000000000214;19.908000000000214;19.908000000000214;19.908000000000214;19.908000000000214;19.908000000000214;19.908000000000214;0.0;0.0;19.908000000000214;
9.30333333333339;0.0;0.0;19.907000000000217;19.907000000000217;19160.0;19.907000000000217;0.0;0.0;19.907000000000217;19.907000000000217;19.907000000000217;19.907000000000217;19.907000000000217;19.907000000000217;19.907000000000217;19.907000000000217;19.907000000000217;19.907000000000217;0.0;0.0;19.907000000000217;
9.403333333333405;0.0;0.0;19.90600000000022;19.90600000000022;19160.0;19.90600000000022;0.0;0.0;19.90600000000022;19.90600000000022;19.90600000000022;19.90600000000022;19.90600000000022;19.90600000000022;19.90600000000022;19.90600000000022;19.90600000000022;19.90600000000022;0.0;0.0;19.90600000000022;
9.503333333333421;0.0;0.0;19.90500000000022;19.90500000000022;19160.0;19.90500000000022;0.0;0.0;19.90500000000022;19.90500000000022;19.90500000000022;19.90500000000022;19.90500000000022;19.90500000000022;19.90500000000022;19.90500000000022;19.90500000000022;19.90500000000022;0.0;0.0;19.90500000000022;
9.603333333333437;0.0;0.0;19.904000000000224;19.904000000000224;19160.0;19.904000000000224;0.0;0.0;19.904000000000224;19.904000000000224;19.904000000000224;19.904000000000224;19.904000000000224;19.904000000000224;19.904000000000224;19.904000000000224;19.904000000000224;19.904000000000224;0.0;0.0;19.904000000000224;
9.703333333333452;0.0;0.0;19.903000000000226;19.903000000000226;19160.0;19.903000000000226;0.0;0.0;19.903000000000226;19.903000000000226;19.903000000000226;19.903000000000226;19.903000000000226;19.903000000000226;19.903000000000226;19.903000000000226;19.903000000000226;19.903000000000226;0.0;0.0;19.903000000000226;
9.803333333333468;0.0;0.0;19.90200000000023;19.90200000000023;19160.0;19.90200000000023;0.0;0.0;19.90200000000023;19.90200000000023;19.90200000000023;19.90200000000023;19.90200000000023;19.90200000000023;19.90200000000023;19.90200000000023;19.90200000000023;19.90200000000023;0.0;0.0;19.90200000000023;
9.903333333333483;0.0;0.0;19.90100000000023;19.90100000000023;19160.0;19.90100000000023;0.0;0.0;19.90100000000023;19.90100000000023;19.90100000000023;19.90100000000023;19.90100000000023;19.90100000000023;19.90100000000023;19.90100000000023;19.90100000000023;19.90100000000023;0.0;0.0;19.90100000000023;
10.003333333333499;0.0;0.0;19.900000000000233;19.900000000000233;19160.0;19.900000000000233;0.0;0.0;19.900000000000233;19.900000000000233;19.900000000000233;19.900000000000233;19.900000000000233;19.900000000000233;19.900000000000233;19.900000000000233;19.900000000000233;19.900000000000233;0.0;0.0;19.900000000000233;
10.103333333333497;0.0;0.0;19.900000000000233;19.900000000000233;19160.0;19.900000000000233;0.0;0.0;19.900000000000233;19.900000000000233;19.900000000000233;19.900000000000233;19.900000000000233;19.900000000000233;19.900000000000233;19.900000000000233;19.900000000000233;19.900000000000233;0.0;0.0;19.900000000000233;
10.203333333333495;0.0;0.0;19.900000000000233;19.900000000000233;19160.0;19.900000000000233;0.0;0.0;19.900000000000233;19.900000000000233;19.900000000000233;19.900000000000233;19.900000000000233;19.900000000000233;19.900000000000233;19.900000000000233;19.900000000000233;19.900000000000233;0.0;0.0;19.900000000000233;
10.303333333333493;0.0;0.0;19.900000000000233;19.900000000000233;19160.0;19.900000000000233;0.0;0.0;19.900000000000233;19.900000000000233;19.900000000000233;19.900000000000233;19.900000000000233;19.900000000000233;19.900000000000233;19.900000000000233;19.900000000000233;19.900000000000233;0.0;0.0;19.900000000000233;
10.40333333333349;0.0;0.0;19.900000000000233;19.900000000000233;19160.0;19.900000000000233;0.0;0.0;19.900000000000233;19.900000000000233;19.900000000000233;19.900000000000233;19.900000000000233;19.900000000000233;19.900000000000233;19.900000000000233;19.900000000000233;19.900000000000233;0.0;0.0;19.900000000000233;
10.503333333333488;0.0;0.0;19.900000000000233;19.900000000000233;19160.0;19.900000000000233;0.0;0.0;19.900000000000233;19.900000000000233;19.900000000000233;19.900000000000233;19.900000000000233;19.900000000000233;19.900000000000233;19.900000000000233;19.900000000000233;19.900000000000233;0.0;0.0;19.900000000000233;
10.603333333333486;0.0;0.0;19.900000000000233;19.900000000000233;19160.0;19.900000000000233;0.0;0.0;19.900000000000233;19.900000000000233;19.900000000000233;19.900000000000233;19.900000000000233;19.900000000000233;19.900000000000233;19.900000000000233;19.900000000000233;19.900000000000233;0.0;0.0;19.900000000000233;
10.703333333333484;0.0;0.0;19.900000000000233;19.900000000000233;19160.0;19.900000000000233;0.0;0.0;19.900000000000233;19.900000000000233;19.900000000000233;19.900000000000233;19.900000000000233;19.900000000000233;19.900000000000233;19.900000000000233;19.900000000000233;19.900000000000233;0.0;0.0;19.900000000000233;
10.803333333333482;0.0;0.0;19.900000000000233;19.900000000000233;19160.0;19.900000000000233;0.0;0.0;19.900000000000233;19.900000000000233;19.900000000000233;19.900000000000233;19.900000000000233;19.900000000000233;19.900000000000233;19.900000000000233;19.900000000000233;19.900000000000233;0.0;0.0;19.900000000000233;
10.90333333333348;0.0;0.0;19.900000000000233;19.900000000000233;19160.0;19.900000000000233;0.0;0.0;19.900000000000233;19.900000000000233;19.900000000000233;19.900000000000233;19.900000000000233;19.900000000000233;19.900000000000233;19.900000000000233;19.900000000000233;19.900000000000233;0.0;0.0;19.900000000000233;
11.003333333333478;0.0;0.0;19.900000000000233;19.900000000000233;19160.0;19.900000000000233;0.0;0.0;19.900000000000233;19.900000000000233;19.900000000000233;19.900000000000233;19.900000000000233;19.900000000000233;19.900000000000233;19.900000000000233;19.900000000000233;19.900000000000233;0.0;0.0;19.900000000000233;
11.103333333333476;0.0;0.0;19.900000000000233;19.900000000000233;19160.0;19.900000000000233;0.0;0.0;19.900000000000233;19.900000000000233;19.900000000000233;19.900000000000233;19.900000000000233;19.900000000000233;19.900000000000233;19.900000000000233;19.900000000000233;19.900000000000233;0.0;0.0;19.900000000000233;
11.203333333333473;0.0;0.0;19.900000000000233;19.900000000000233;19160.0;19.900000000000233;0.0;0.0;19.900000000000233;19.900000000000233;19.900000000000233;19.900000000000233;19.900000000000233;19.900000000000233;19.900000000000233;19.900000000000233;19.900000000000233;19.900000000000233;0.0;0.0;19.900000000000233;
11.303333333333471;0.0;0.0;19.900000000000233;19.900000000000233;19160.0;19.900000000000233;0.0;0.0;19.900000000000233;19.900000000000233;19.900000000000233;19.900000000000233;19.900000000000233;19.900000000000233;19.900000000000233;19.900000000000233;19.900000000000233;19.900000000000233;0.0;0.0;19.900000000000233;
11.40333333333347;0.0;0.0;19.900000000000233;19.900000000000233;19160.0;19.900000000000233;0.0;0.0;19.900000000000233;19.900000000000233;19.900000000000233;19.900000000000233;19.900000000000233;19.900000000000233;19.900000000000233;19.900000000000233;19.900000000000233;19.900000000000233;0.0;0.0;19.900000000000233;
11.503333333333467;0.0;0.0;19.900000000000233;19.900000000000233;19160.0;19.900000000000233;0.0;0.0;19.900000000000233;19.900000000000233;19.900000000000233;19.900000000000233;19.900000000000233;19.900000000000233;19.900000000000233;19.900000000000233;19.900000000000233;19.900000000000233;0.0;0.0;19.900000000000233;
11.603333333333465;0.0;0.0;19.900000000000233;19.900000000000233;19160.0;19.900000000000233;0.0;0.0;19.900000000000233;19.900000000000233;19.900000000000233;19.900000000000233;19.900000000000233;19.900000000000233;19.900000000000233;19.900000000000233;19.900000000000233;19.900000000000233;0.0;0.0;19.900000000000233;
11.703333333333463;0.0;0.0;19.900000000000233;19.900000000000233;19160.0;19.900000000000233;0.0;0.0;19.900000000000233;19.900000000000233;19.900000000000233;19.900000000000233;19.900000000000233;19.900000000000233;19.900000000000233;19.900000000000233;19.900000000000233;19.900000000000233;0.0;0.0;19.900000000000233;
11.80333333333346;0.0;0.0;19.900000000000233;19.900000000000233;19160.0;19.900000000000233;0.0;0.0;19.900000000000233;19.900000000000233;19.900000000000233;19.900000000000233;19.900000000000233;19.900000000000233;19.900000000000233;19.900000000000233;19.900000000000233;19.900000000000233;0.0;0.0;19.900000000000233;
11.903333333333459;0.0;0.0;19.900000000000233;19.900000000000233;19160.0;19.900000000000233;0.0;0.0;19.900000000000233;19.900000000000233;19.900000000000233;19.900000000000233;19.900000000000233;19.900000000000233;19.900000000000233;19.900000000000233;19.900000000000233;19.900000000000233;0.0;0.0;19.900000000000233;
12.000000000000313;0.0;0.0;19.900000000000233;19.900000000000233;19160.0;19.900000000000233;0.0;0.0;19.900000000000233;19.900000000000233;19.900000000000233;19.900000000000233;19.900000000000233;19.900000000000233;19.900000000000233;19.900000000000233;19.900000000000233;19.900000000000233;0.0;0.0;19.900000000000233;
12.103333333333454;0.0;0.0;19.900000000000233;19.900000000000233;19160.0;19.900000000000233;0.0;0.0;19.900000000000233;19.900000000000233;19.900000000000233;19.900000000000233;19.900000000000233;19.900000000000233;19.900000000000233;19.900000000000233;19.900000000000233;19.900000000000233;0.0;0.0;19.900000000000233;
12.203333333333452;0.0;0.0;19.900000000000233;19.900000000000233;19160.0;19.900000000000233;0.0;0.0;19.900000000000233;19.900000000000233;19.900000000000233;19.900000000000233;19.900000000000233;19.900000000000233;19.900000000000233;19.900000000000233;19.900000000000233;19.900000000000233;0.0;0.0;19.900000000000233;
12.30333333333345;0.0;0.0;19.900000000000233;19.900000000000233;19160.0;19.900000000000233;0.0;0.0;19.900000000000233;19.900000000000233;19.900000000000233;19.900000000000233;19.900000000000233;19.900000000000233;19.900000000000233;19.900000000000233;19.900000000000233;19.900000000000233;0.0;0.0;19.900000000000233;
12.403333333333448;0.0;0.0;19.900000000000233;19.900000000000233;19160.0;19.900000000000233;0.0;0.0;19.900000000000233;19.900000000000233;19.900000000000233;19.900000000000233;19.900000000000233;19.900000000000233;19.900000000000233;19.900000000000233;19.900000000000233;19.900000000000233;0.0;0.0;19.900000000000233;
12.503333333333446;0.0;0.0;19.900000000000233;19.900000000000233;19160.0;19.900000000000233;0.0;0.0;19.900000000000233;19.900000000000233;19.900000000000233;19.900000000000233;19.900000000000233;19.900000000000233;19.900000000000233;19.900000000000233;19.900000000000233;19.900000000000233;0.0;0.0;19.900000000000233;
12.603333333333444;0.0;0.0;19.900000000000233;19.900000000000233;19160.0;19.900000000000233;0.0;0.0;19.900000000000233;19.900000000000233;19.900000000000233;19.900000000000233;19.900000000000233;19.900000000000233;19.900000000000233;19.900000000000233;19.900000000000233;19.900000000000233;0.0;0.0;19.900000000000233;
12.703333333333442;0.0;0.0;19.900000000000233;19.900000000000233;19160.0;19.900000000000233;0.0;0.0;19.900000000000233;19.900000000000233;19.900000000000233;19.900000000000233;19.900000000000233;19.900000000000233;19.900000000000233;19.900000000000233;19.900000000000233;19.900000000000233;0.0;0.0;19.900000000000233;
12.80333333333344;0.0;0.0;19.900000000000233;19.900000000000233;19160.0;19.900000000000233;0.0;0.0;19.900000000000233;19.900000000000233;19.900000000000233;19.900000000000233;19.900000000000233;19.900000000000233;19.900000000000233;19.900000000000233;19.900000000000233;19.900000000000233;0.0;0.0;19.900000000000233;
12.903333333333437;0.0;0.0;19.900000000000233;19.900000000000233;19160.0;19.900000000000233;0.0;0.0;19.900000000000233;19.900000000000233;19.900000000000233;19.900000000000233;19.900000000000233;19.900000000000233;19.900000000000233;19.900000000000233;19.900000000000233;19.900000000000233;0.0;0.0;19.900000000000233;
13.003333333333435;0.0;0.0;19.900000000000233;19.900000000000233;19160.0;19.900000000000233;0.0;0.0;19.900000000000233;19.900000000000233;19.900000000000233;19.900000000000233;19.900000000000233;19.900000000000233;19.900000000000233;19.900000000000233;19.900000000000233;19.900000000000233;0.0;0.0;19.900000000000233;
13.103333333333433;0.0;0.0;19.900000000000233;19.900000000000233;19160.0;19.900000000000233;0.0;0.0;19.900000000000233;19.900000000000233;19.900000000000233;19.900000000000233;19.900000000000233;19.900000000000233;19.900000000000233;19.900000000000233;19.900000000000233;19.900000000000233;0.0;0.0;19.900000000000233;
13.20333333333343;0.0;0.0;19.900000000000233;19.900000000000233;19160.0;19.900000000000233;0.0;0.0;19.900000000000233;19.900000000000233;19.900000000000233;19.900000000000233;19.900000000000233;19.900000000000233;19.900000000000233;19.900000000000233;19.900000000000233;19.900000000000233;0.0;0.0;19.900000000000233;
13.303333333333429;0.0;0.0;19.900000000000233;19.900000000000233;19160.0;19.900000000000233;0.0;0.0;19.900000000000233;19.900000000000233;19.900000000000233;19.900000000000233;19.900000000000233;19.900000000000233;19.900000000000233;19.900000000000233;19.900000000000233;19.900000000000233;0.0;0.0;19.900000000000233;
13.403333333333427;0.0;0.0;19.900000000000233;19.900000000000233;19160.0;19.900000000000233;0.0;0.0;19.900000000000233;19.900000000000233;19.900000000000233;19.900000000000233;19.900000000000233;19.900000000000233;19.900000000000233;19.900000000000233;19.900000000000233;19.900000000000233;0.0;0.0;19.900000000000233;
13.503333333333424;0.0;0.0;19.900000000000233;19.900000000000233;19160.0;19.900000000000233;0.0;0.0;19.900000000000233;19.900000000000233;19.900000000000233;19.900000000000233;19.900000000000233;19.900000000000233;19.900000000000233;19.900000000000233;19.900000000000233;19.900000000000233;0.0;0.0;19.900000000000233;
13.603333333333422;0.0;0.0;19.900000000000233;19.900000000000233;19160.0;19.900000000000233;0.0;0.0;19.900000000000233;19.900000000000233;19.900000000000233;19.900000000000233;19.900000000000233;19.900000000000233;19.900000000000233;19.900000000000233;19.900000000000233;19.900000000000233;0.0;0.0;19.900000000000233;
13.70333333333342;0.0;0.0;19.900000000000233;19.900000000000233;19160.0;19.900000000000233;0.0;0.0;19.900000000000233;19.900000000000233;19.900000000000233;19.900000000000233;19.900000000000233;19.900000000000233;19.900000000000233;19.900000000000233;19.900000000000233;19.900000000000233;0.0;0.0;19.900000000000233;
13.803333333333418;0.0;0.0;19.900000000000233;19.900000000000233;19160.0;19.900000000000233;0.0;0.0;19.900000000000233;19.900000000000233;19.900000000000233;19.900000000000233;19.900000000000233;19.900000000000233;19.900000000000233;19.900000000000233;19.900000000000233;19.900000000000233;0.0;0.0;19.900000000000233;
13.903333333333416;0.0;0.0;19.900000000000233;19.900000000000233;19160.0;19.900000000000233;0.0;0.0;19.900000000000233;19.900000000000233;19.900000000000233;19.900000000000233;19.900000000000233;19.900000000000233;19.900000000000233;19.900000000000233;19.900000000000233;19.900000000000233;0.0;0.0;19.900000000000233;
14.003333333333414;0.0;0.0;19.900000000000233;19.900000000000233;19160.0;19.900000000000233;0.0;0.0;19.900000000000233;19.900000000000233;19.900000000000233;19.900000000000233;19.900000000000233;19.900000000000233;19.900000000000233;19.900000000000233;19.900000000000233;19.900000000000233;0.0;0.0;19.900000000000233;
14.103333333333412;0.0;0.0;19.900000000000233;19.900000000000233;19160.0;19.900000000000233;0.0;0.0;19.900000000000233;19.900000000000233;19.900000000000233;19.900000000000233;19.900000000000233;19.900000000000233;19.900000000000233;19.900000000000233;19.900000000000233;19.900000000000233;0.0;0.0;19.900000000000233;
14.20333333333341;0.0;0.0;19.900000000000233;19.900000000000233;19160.0;19.900000000000233;0.0;0.0;19.900000000000233;19.900000000000233;19.900000000000233;19.900000000000233;19.900000000000233;19.900000000000233;19.900000000000233;19.900000000000233;19.900000000000233;19.900000000000233;0.0;0.0;19.900000000000233;
14.303333333333407;0.0;0.0;19.900000000000233;19.900000000000233;19160.0;19.900000000000233;0.0;0.0;19.900000000000233;19.900000000000233;19.900000000000233;19.900000000000233;19.900000000000233;19.900000000000233;19.900000000000233;19.900000000000233;19.900000000000233;19.900000000000233;0.0;0.0;19.900000000000233;
14.403333333333405;0.0;0.0;19.900000000000233;19.900000000000233;19160.0;19.900000000000233;0.0;0.0;19.900000000000233;19.900000000000233;19.900000000000233;19.900000000000233;19.900000000000233;19.900000000000233;19.900000000000233;19.900000000000233;19.900000000000233;19.900000000000233;0.0;0.0;19.900000000000233;
14.503333333333403;0.0;0.0;19.900000000000233;19.900000000000233;19160.0;19.900000000000233;0.0;0.0;19.900000000000233;19.900000000000233;19.900000000000233;19.900000000000233;19.900000000000233;19.900000000000233;19.900000000000233;19.900000000000233;19.900000000000233;19.900000000000233;0.0;0.0;19.900000000000233;
14.603333333333401;0.0;0.0;19.900000000000233;19.900000000000233;19160.0;19.900000000000233;0.0;0.0;19.900000000000233;19.900000000000233;19.900000000000233;19.900000000000233;19.900000000000233;19.900000000000233;19.900000000000233;19.900000000000233;19.900000000000233;19.900000000000233;0.0;0.0;19.900000000000233;
14.703333333333399;0.0;0.0;19.900000000000233;19.900000000000233;19160.0;19.900000000000233;0.0;0.0;19.900000000000233;19.900000000000233;19.900000000000233;19.900000000000233;19.900000000000233;19.900000000000233;19.900000000000233;19.900000000000233;19.900000000000233;19.900000000000233;0.0;0.0;19.900000000000233;
14.803333333333397;0.0;0.0;19.900000000000233;19.900000000000233;19160.0;19.900000000000233;0.0;0.0;19.900000000000233;19.900000000000233;19.900000000000233;19.900000000000233;19.900000000000233;19.900000000000233;19.900000000000233;19.900000000000233;19.900000000000233;19.900000000000233;0.0;0.0;19.900000000000233;
14.903333333333395;0.0;0.0;19.900000000000233;19.900000000000233;19160.0;19.900000000000233;0.0;0.0;19.900000000000233;19.900000000000233;19.900000000000233;19.900000000000233;19.900000000000233;19.900000000000233;19.900000000000233;19.900000000000233;19.900000000000233;19.900000000000233;0.0;0.0;19.900000000000233;
15.003333333333392;0.0;0.0;19.900000000000233;19.900000000000233;19160.0;19.900000000000233;0.0;0.0;19.900000000000233;19.900000000000233;19.900000000000233;19.900000000000233;19.900000000000233;19.900000000000233;19.900000000000233;19.900000000000233;19.900000000000233;19.900000000000233;0.0;0.0;19.900000000000233;
15.10333333333339;0.0;0.0;19.900000000000233;19.900000000000233;19160.0;19.900000000000233;0.0;0.0;19.900000000000233;19.900000000000233;19.900000000000233;19.900000000000233;19.900000000000233;19.900000000000233;19.900000000000233;19.900000000000233;19.900000000000233;19.900000000000233;0.0;0.0;19.900000000000233;
15.203333333333388;0.0;0.0;19.900000000000233;19.900000000000233;19160.0;19.900000000000233;0.0;0.0;19.900000000000233;19.900000000000233;19.900000000000233;19.900000000000233;19.900000000000233;19.900000000000233;19.900000000000233;19.900000000000233;19.900000000000233;19.900000000000233;0.0;0.0;19.900000000000233;
15.303333333333386;0.0;0.0;19.900000000000233;19.900000000000233;19160.0;19.900000000000233;0.0;0.0;19.900000000000233;19.900000000000233;19.900000000000233;19.900000000000233;19.900000000000233;19.900000000000233;19.900000000000233;19.900000000000233;19.900000000000233;19.900000000000233;0.0;0.0;19.900000000000233;
15.403333333333384;0.0;0.0;19.900000000000233;19.900000000000233;19160.0;19.900000000000233;0.0;0.0;19.900000000000233;19.900000000000233;19.900000000000233;19.900000000000233;19.900000000000233;19.900000000000233;19.900000000000233;19.900000000000233;19.900000000000233;19.900000000000233;0.0;0.0;19.900000000000233;
15.503333333333382;0.0;0.0;19.900000000000233;19.900000000000233;19160.0;19.900000000000233;0.0;0.0;19.900000000000233;19.900000000000233;19.900000000000233;19.900000000000233;19.900000000000233;19.900000000000233;19.900000000000233;19.900000000000233;19.900000000000233;19.900000000000233;0.0;0.0;19.900000000000233;
15.60333333333338;0.0;0.0;19.900000000000233;19.900000000000233;19160.0;19.900000000000233;0.0;0.0;19.900000000000233;19.900000000000233;19.900000000000233;19.900000000000233;19.900000000000233;19.900000000000233;19.900000000000233;19.900000000000233;19.900000000000233;19.900000000000233;0.0;0.0;19.900000000000233;
15.703333333333378;0.0;0.0;19.900000000000233;19.900000000000233;19160.0;19.900000000000233;0.0;0.0;19.900000000000233;19.900000000000233;19.900000000000233;19.900000000000233;19.900000000000233;19.900000000000233;19.900000000000233;19.900000000000233;19.900000000000233;19.900000000000233;0.0;0.0;19.900000000000233;
15.803333333333375;0.0;0.0;19.900000000000233;19.900000000000233;19160.0;19.900000000000233;0.0;0.0;19.900000000000233;19.900000000000233;19.900000000000233;19.900000000000233;19.900000000000233;19.900000000000233;19.900000000000233;19.900000000000233;19.900000000000233;19.900000000000233;0.0;0.0;19.900000000000233;
15.903333333333373;0.0;0.0;19.900000000000233;19.900000000000233;19160.0;19.900000000000233;0.0;0.0;19.900000000000233;19.900000000000233;19.900000000000233;19.900000000000233;19.900000000000233;19.900000000000233;19.900000000000233;19.900000000000233;19.900000000000233;19.900000000000233;0.0;0.0;19.900000000000233;
16.003333333333373;0.0;0.0;19.900000000000233;19.900000000000233;19160.0;19.900000000000233;0.0;0.0;19.900000000000233;19.900000000000233;19.900000000000233;19.900000000000233;19.900000000000233;19.900000000000233;19.900000000000233;19.900000000000233;19.900000000000233;19.900000000000233;0.0;0.0;19.900000000000233;
16.10333333333339;0.0;0.0;19.900000000000233;19.900000000000233;19160.0;19.900000000000233;0.0;0.0;19.900000000000233;19.900000000000233;19.900000000000233;19.900000000000233;19.900000000000233;19.900000000000233;19.900000000000233;19.900000000000233;19.900000000000233;19.900000000000233;0.0;0.0;19.900000000000233;
16.203333333333404;0.0;0.0;19.900000000000233;19.900000000000233;19160.0;19.900000000000233;0.0;0.0;19.900000000000233;19.900000000000233;19.900000000000233;19.900000000000233;19.900000000000233;19.900000000000233;19.900000000000233;19.900000000000233;19.900000000000233;19.900000000000233;0.0;0.0;19.900000000000233;
16.30333333333342;0.0;0.0;19.900000000000233;19.900000000000233;19160.0;19.900000000000233;0.0;0.0;19.900000000000233;19.900000000000233;19.900000000000233;19.900000000000233;19.900000000000233;19.900000000000233;19.900000000000233;19.900000000000233;19.900000000000233;19.900000000000233;0.0;0.0;19.900000000000233;
16.403333333333435;0.0;0.0;19.900000000000233;19.900000000000233;19160.0;19.900000000000233;0.0;0.0;19.900000000000233;19.900000000000233;19.900000000000233;19.900000000000233;19.900000000000233;19.900000000000233;19.900000000000233;19.900000000000233;19.900000000000233;19.900000000000233;0.0;0.0;19.900000000000233;
16.50333333333345;0.0;0.0;19.900000000000233;19.900000000000233;19160.0;19.900000000000233;0.0;0.0;19.900000000000233;19.900000000000233;19.900000000000233;19.900000000000233;19.900000000000233;19.900000000000233;19.900000000000233;19.900000000000233;19.900000000000233;19.900000000000233;0.0;0.0;19.900000000000233;
16.603333333333467;0.0;0.0;19.900000000000233;19.900000000000233;19160.0;19.900000000000233;0.0;0.0;19.900000000000233;19.900000000000233;19.900000000000233;19.900000000000233;19.900000000000233;19.900000000000233;19.900000000000233;19.900000000000233;19.900000000000233;19.900000000000233;0.0;0.0;19.900000000000233;
16.703333333333482;0.0;0.0;19.900000000000233;19.900000000000233;19160.0;19.900000000000233;0.0;0.0;19.900000000000233;19.900000000000233;19.900000000000233;19.900000000000233;19.900000000000233;19.900000000000233;19.900000000000233;19.900000000000233;19.900000000000233;19.900000000000233;0.0;0.0;19.900000000000233;
16.803333333333498;0.0;0.0;19.900000000000233;19.900000000000233;19160.0;19.900000000000233;0.0;0.0;19.900000000000233;19.900000000000233;19.900000000000233;19.900000000000233;19.900000000000233;19.900000000000233;19.900000000000233;19.900000000000233;19.900000000000233;19.900000000000233;0.0;0.0;19.900000000000233;
16.903333333333514;0.0;0.0;19.900000000000233;19.900000000000233;19160.0;19.900000000000233;0.0;0.0;19.900000000000233;19.900000000000233;19.900000000000233;19.900000000000233;19.900000000000233;19.900000000000233;19.900000000000233;19.900000000000233;19.900000000000233;19.900000000000233;0.0;0.0;19.900000000000233;
17.00333333333353;0.0;0.0;19.900000000000233;19.900000000000233;19160.0;19.900000000000233;0.0;0.0;19.900000000000233;19.900000000000233;19.900000000000233;19.900000000000233;19.900000000000233;19.900000000000233;19.900000000000233;19.900000000000233;19.900000000000233;19.900000000000233;0.0;0.0;19.900000000000233;
17.103333333333545;0.0;0.0;19.900000000000233;19.900000000000233;19160.0;19.900000000000233;0.0;0.0;19.900000000000233;19.900000000000233;19.900000000000233;19.900000000000233;19.900000000000233;19.900000000000233;19.900000000000233;19.900000000000233;19.900000000000233;19.900000000000233;0.0;0.0;19.900000000000233;
17.20333333333356;0.0;0.0;19.900000000000233;19.900000000000233;19160.0;19.900000000000233;0.0;0.0;19.900000000000233;19.900000000000233;19.900000000000233;19.900000000000233;19.900000000000233;19.900000000000233;19.900000000000233;19.900000000000233;19.900000000000233;19.900000000000233;0.0;0.0;19.900000000000233;
17.303333333333576;0.0;0.0;19.900000000000233;19.900000000000233;19160.0;19.900000000000233;0.0;0.0;19.900000000000233;19.900000000000233;19.900000000000233;19.900000000000233;19.900000000000233;19.900000000000233;19.900000000000233;19.900000000000233;19.900000000000233;19.900000000000233;0.0;0.0;19.900000000000233;
17.403333333333592;0.0;0.0;19.900000000000233;19.900000000000233;19160.0;19.900000000000233;0.0;0.0;19.900000000000233;19.900000000000233;19.900000000000233;19.900000000000233;19.900000000000233;19.900000000000233;19.900000000000233;19.900000000000233;19.900000000000233;19.900000000000233;0.0;0.0;19.900000000000233;
17.503333333333607;0.0;0.0;19.900000000000233;19.900000000000233;19160.0;19.900000000000233;0.0;0.0;19.900000000000233;19.900000000000233;19.900000000000233;19.900000000000233;19.900000000000233;19.900000000000233;19.900000000000233;19.900000000000233;19.900000000000233;19.900000000000233;0.0;0.0;19.900000000000233;
17.603333333333623;0.0;0.0;19.900000000000233;19.900000000000233;19160.0;19.900000000000233;0.0;0.0;19.900000000000233;19.900000000000233;19.900000000000233;19.900000000000233;19.900000000000233;19.900000000000233;19.900000000000233;19.900000000000233;19.900000000000233;19.900000000000233;0.0;0.0;19.900000000000233;
17.70333333333364;0.0;0.0;19.900000000000233;19.900000000000233;19160.0;19.900000000000233;0.0;0.0;19.900000000000233;19.900000000000233;19.900000000000233;19.900000000000233;19.900000000000233;19.900000000000233;19.900000000000233;19.900000000000233;19.900000000000233;19.900000000000233;0.0;0.0;19.900000000000233;
17.803333333333654;0.0;0.0;19.900000000000233;19.900000000000233;19160.0;19.900000000000233;0.0;0.0;19.900000000000233;19.900000000000233;19.900000000000233;19.900000000000233;19.900000000000233;19.900000000000233;19.900000000000233;19.900000000000233;19.900000000000233;19.900000000000233;0.0;0.0;19.900000000000233;
17.90333333333367;0.0;0.0;19.900000000000233;19.900000000000233;19160.0;19.900000000000233;0.0;0.0;19.900000000000233;19.900000000000233;19.900000000000233;19.900000000000233;19.900000000000233;19.900000000000233;19.900000000000233;19.900000000000233;19.900000000000233;19.900000000000233;0.0;0.0;19.900000000000233;
18.000000000000625;0.0;0.0;19.900000000000233;19.900000000000233;19160.0;19.900000000000233;0.0;0.0;19.900000000000233;19.900000000000233;19.900000000000233;19.900000000000233;19.900000000000233;19.900000000000233;19.900000000000233;19.900000000000233;19.900000000000233;19.900000000000233;0.0;0.0;19.900000000000233;
18.1033333333337;0.0;0.0;19.900000000000233;19.900000000000233;19160.0;19.900000000000233;0.0;0.0;19.900000000000233;19.900000000000233;19.900000000000233;19.900000000000233;19.900000000000233;19.900000000000233;19.900000000000233;19.900000000000233;19.900000000000233;19.900000000000233;0.0;0.0;19.900000000000233;
18.203333333333717;0.0;0.0;19.900000000000233;19.900000000000233;19160.0;19.900000000000233;0.0;0.0;19.900000000000233;19.900000000000233;19.900000000000233;19.900000000000233;19.900000000000233;19.900000000000233;19.900000000000233;19.900000000000233;19.900000000000233;19.900000000000233;0.0;0.0;19.900000000000233;
18.303333333333732;0.0;0.0;19.900000000000233;19.900000000000233;19160.0;19.900000000000233;0.0;0.0;19.900000000000233;19.900000000000233;19.900000000000233;19.900000000000233;19.900000000000233;19.900000000000233;19.900000000000233;19.900000000000233;19.900000000000233;19.900000000000233;0.0;0.0;19.900000000000233;
18.403333333333748;0.0;0.0;19.900000000000233;19.900000000000233;19160.0;19.900000000000233;0.0;0.0;19.900000000000233;19.900000000000233;19.900000000000233;19.900000000000233;19.900000000000233;19.900000000000233;19.900000000000233;19.900000000000233;19.900000000000233;19.900000000000233;0.0;0.0;19.900000000000233;
18.503333333333764;0.0;0.0;19.900000000000233;19.900000000000233;19160.0;19.900000000000233;0.0;0.0;19.900000000000233;19.900000000000233;19.900000000000233;19.900000000000233;19.900000000000233;19.900000000000233;19.900000000000233;19.900000000000233;19.900000000000233;19.900000000000233;0.0;0.0;19.900000000000233;
18.60333333333378;0.0;0.0;19.900000000000233;19.900000000000233;19160.0;19.900000000000233;0.0;0.0;19.900000000000233;19.900000000000233;19.900000000000233;19.900000000000233;19.900000000000233;19.900000000000233;19.900000000000233;19.900000000000233;19.900000000000233;19.900000000000233;0.0;0.0;19.900000000000233;
18.703333333333795;0.0;0.0;19.900000000000233;19.900000000000233;19160.0;19.900000000000233;0.0;0.0;19.900000000000233;19.900000000000233;19.900000000000233;19.900000000000233;19.900000000000233;19.900000000000233;19.900000000000233;19.900000000000233;19.900000000000233;19.900000000000233;0.0;0.0;19.900000000000233;
18.80333333333381;0.0;0.0;19.900000000000233;19.900000000000233;19160.0;19.900000000000233;0.0;0.0;19.900000000000233;19.900000000000233;19.900000000000233;19.900000000000233;19.900000000000233;19.900000000000233;19.900000000000233;19.900000000000233;19.900000000000233;19.900000000000233;0.0;0.0;19.900000000000233;
18.903333333333826;0.0;0.0;19.900000000000233;19.900000000000233;19160.0;19.900000000000233;0.0;0.0;19.900000000000233;19.900000000000233;19.900000000000233;19.900000000000233;19.900000000000233;19.900000000000233;19.900000000000233;19.900000000000233;19.900000000000233;19.900000000000233;0.0;0.0;19.900000000000233;
19.003333333333842;0.0;0.0;19.900000000000233;19.900000000000233;19160.0;19.900000000000233;0.0;0.0;19.900000000000233;19.900000000000233;19.900000000000233;19.900000000000233;19.900000000000233;19.900000000000233;19.900000000000233;19.900000000000233;19.900000000000233;19.900000000000233;0.0;0.0;19.900000000000233;
19.103333333333858;0.0;0.0;19.900000000000233;19.900000000000233;19160.0;19.900000000000233;0.0;0.0;19.900000000000233;19.900000000000233;19.900000000000233;19.900000000000233;19.900000000000233;19.900000000000233;19.900000000000233;19.900000000000233;19.900000000000233;19.900000000000233;0.0;0.0;19.900000000000233;
19.203333333333873;0.0;0.0;19.900000000000233;19.900000000000233;19160.0;19.900000000000233;0.0;0.0;19.900000000000233;19.900000000000233;19.900000000000233;19.900000000000233;19.900000000000233;19.900000000000233;19.900000000000233;19.900000000000233;19.900000000000233;19.900000000000233;0.0;0.0;19.900000000000233;
19.30333333333389;0.0;0.0;19.900000000000233;19.900000000000233;19160.0;19.900000000000233;0.0;0.0;19.900000000000233;19.900000000000233;19.900000000000233;19.900000000000233;19.900000000000233;19.900000000000233;19.900000000000233;19.900000000000233;19.900000000000233;19.900000000000233;0.0;0.0;19.900000000000233;
19.403333333333904;0.0;0.0;19.900000000000233;19.900000000000233;19160.0;19.900000000000233;0.0;0.0;19.900000000000233;19.900000000000233;19.900000000000233;19.900000000000233;19.900000000000233;19.900000000000233;19.900000000000233;19.900000000000233;19.900000000000233;19.900000000000233;0.0;0.0;19.900000000000233;
19.50333333333392;0.0;0.0;19.900000000000233;19.900000000000233;19160.0;19.900000000000233;0.0;0.0;19.900000000000233;19.900000000000233;19.900000000000233;19.900000000000233;19.900000000000233;19.900000000000233;19.900000000000233;19.900000000000233;19.900000000000233;19.900000000000233;0.0;0.0;19.900000000000233;
19.603333333333936;0.0;0.0;19.900000000000233;19.900000000000233;19160.0;19.900000000000233;0.0;0.0;19.900000000000233;19.900000000000233;19.900000000000233;19.900000000000233;19.900000000000233;19.900000000000233;19.900000000000233;19.900000000000233;19.900000000000233;19.900000000000233;0.0;0.0;19.900000000000233;
19.70333333333395;0.0;0.0;19.900000000000233;19.900000000000233;19160.0;19.900000000000233;0.0;0.0;19.900000000000233;19.900000000000233;19.900000000000233;19.900000000000233;19.900000000000233;19.900000000000233;19.900000000000233;19.900000000000233;19.900000000000233;19.900000000000233;0.0;0.0;19.900000000000233;
19.803333333333967;0.0;0.0;19.900000000000233;19.900000000000233;19160.0;19.900000000000233;0.0;0.0;19.900000000000233;19.900000000000233;19.900000000000233;19.900000000000233;19.900000000000233;19.900000000000233;19.900000000000233;19.900000000000233;19.900000000000233;19.900000000000233;0.0;0.0;19.900000000000233;
